,Food_name,Food_Group,Descrip,ingredient,Value
0,Maize,Vegetables,"Cereals ready-to-eat, KASHI Simply Maize",Energy_kcal,371.0
1,Potatoes,Vegetables,"Potatoes, raw, skin",Energy_kcal,58.0
2,Cassava,Vegetables,"Cassava, raw, root vegetable, like potatoes and yams",Energy_kcal,160.0
3,Cabbage,Vegetables,"Cabbage, mustard, salted",Energy_kcal,28.0
4,Peas,Vegetables,"Peas, green, raw",Energy_kcal,81.0
5,Tomatoes,Vegetables,"Tomatoes, green, raw",Energy_kcal,23.0
6,Onion,Vegetables,"Onions, raw",Energy_kcal,40.0
7,Leeks,Vegetables,"Leeks, (bulb and lower leaf-portion), like scallions, raw",Energy_kcal,61.0
8,Eggplant,Vegetables,"Eggplant, raw",Energy_kcal,25.0
9,Bamboo Shoot,Vegetables,"Bamboo shoots, raw",Energy_kcal,27.0
10,Garlic,Vegetables,"Garlic, raw",Energy_kcal,149.0
11,Mushrooms,Vegetables,"Mushrooms, shiitake, raw",Energy_kcal,34.0
12,Okra,Vegetables,"Okra, raw",Energy_kcal,33.0
13,Spinach,Vegetables,"Spinach, raw",Energy_kcal,23.0
14,Sweetcorn,Vegetables,"Corn, sweet, white, raw",Energy_kcal,86.0
15,Cucumber,Vegetables,"Cucumber, with peel, raw",Energy_kcal,15.0
16,Lettuce,Vegetables,"Lettuce, green leaf, raw",Energy_kcal,15.0
17,Orange,Fruits,"Oranges, raw, all commercial varieties",Energy_kcal,47.0
18,Bananas,Fruits,"Bananas, raw",Energy_kcal,89.0
19,Apples,Fruits,"Apples, raw, with skin",Energy_kcal,52.0
20,Blackberries,Fruits,"Blackberries, raw",Energy_kcal,43.0
21,Blueberries,Fruits,"Blueberries, raw",Energy_kcal,57.0
22,Strawberries,Fruits,"Strawberries, raw",Energy_kcal,32.0
23,Grapes,Fruits,"Grapes, american type (slip skin), raw",Energy_kcal,67.0
24,Pomegranate,Fruits,"Pomegranates, raw",Energy_kcal,83.0
25,Watermelon,Fruits,"Watermelon, raw",Energy_kcal,30.0
26,Soymilk,Dariy and Eggs,"Soymilk, original and vanilla, unfortified",Energy_kcal,54.0
27,Milk,Dariy and Eggs,"Milk, filled, fluid, with lauric acid oil",Energy_kcal,63.0
28,Cheese,Dariy and Eggs,"Cheese, brick",Energy_kcal,371.0
29,Milk(sheep),Dariy and Eggs,"Milk, sheep, fluid",Energy_kcal,108.0
30,Milk(nut),Dariy and Eggs,"Nuts, coconut milk, raw (liquid expressed from grated meat and water)",Energy_kcal,230.0
31,Cream,Dariy and Eggs,"Cheese, cream",Energy_kcal,342.0
32,Yogurt,Dariy and Eggs,"Yogurt, plain, whole milk, 8 grams protein per 8 ounce",Energy_kcal,61.0
33,Beer,Beverages,"Alcoholic beverage, beer, regular, all",Energy_kcal,43.0
34,Wine,Beverages,"Alcoholic beverage, wine, table, all",Energy_kcal,83.0
35,Coffee(instant),Beverages,"Coffee, instant, regular, powder",Energy_kcal,353.0
36,Coca cola,Beverages,"Beverages, COCA-COLA, POWERADE, lemon-lime flavored, ready-to-drink",Energy_kcal,32.0
37,Lemon Juice,Beverages,"Lemon juice, raw",Energy_kcal,22.0
38,Fish(farmed),Fish & Shellfish,"Fish, catfish, channel, farmed, raw",Energy_kcal,119.0
39,Shrimp(farmed),Fish & Shellfish,"Crustaceans, crayfish, mixed species, farmed, raw",Energy_kcal,72.0
40,Trout,Fish & Shellfish,"Fish, trout, rainbow, farmed, raw",Energy_kcal,141.0
41,Herring,Fish & Shellfish,"Fish, herring, Pacific, raw",Energy_kcal,195.0
42,Salmon,Fish & Shellfish,"Fish, salmon, Atlantic, wild, raw",Energy_kcal,142.0
43,Sardine,Fish & Shellfish,"Fish, sardine, Pacific, canned in tomato sauce, drained solids with bone",Energy_kcal,185.0
44,Tuna,Fish & Shellfish,"Fish, tuna, fresh, bluefin, raw",Energy_kcal,144.0
45,Mackerel,Fish & Shellfish,"Fish, mackerel, Atlantic, raw",Energy_kcal,205.0
46,Bread(rye),Bread and Grains,"Bread, rye",Energy_kcal,259.0
47,Porridge,Bread and Grains,"Breakfast cereal, milk added",Energy_kcal,393.0
48,Rice,Bread and Grains,"Rice, white, long-grain, regular, raw, enriched",Energy_kcal,365.0
49,Groundnuts,Bread and Grains,"Spices, nutmeg, ground",Energy_kcal,525.0
50,Nuts(cashew),"Pulses, Nuts and Legumes","Nuts, cashew nuts, raw",Energy_kcal,553.0
51,Tofu,"Pulses, Nuts and Legumes","Tofu, silken, soft",Energy_kcal,55.0
52,Chocolate,Chocolate,Chocolate syrup,Energy_kcal,279.0
53,Egg,Dariy and Eggs,"Egg, whole, raw, fresh",Energy_kcal,143.0
54,Beans,"Pulses, Nuts and Legumes","Beans, yellow, mature seeds, raw",Energy_kcal,345.0
55,Palm oil,Oil,"Oil, palm",Energy_kcal,884.0
56,Canola oil,Oil,"Oil, grapeseed",Energy_kcal,884.0
57,Sunflower oil,Oil,"Oil, sunflower, linoleic, (approx. 65%)",Energy_kcal,884.0
58,Olive oil,Oil,"Oil, olive, salad or cooking",Energy_kcal,884.0
59,Beef(steak),Meats,"Beef, flank, steak, separable lean only, trimmed to 0"" fat, select, cooked, broiled",Energy_kcal,178.0
60,Beef(brisket),Meats,"Beef, brisket, flat half, separable lean and fat, trimmed to 1/8"" fat, choice, raw",Energy_kcal,278.0
61,Beef(flank),Meats,"Beef, flank, steak, separable lean only, trimmed to 0"" fat, all grades, raw",Energy_kcal,141.0
62,Lamb(rib),Meats,"Lamb, domestic, rib, separable lean only, trimmed to 1/4"" fat, choice, raw",Energy_kcal,169.0
63,Lamb(loin),Meats,"Lamb, domestic, loin, separable lean and fat, trimmed to 1/4"" fat, choice, raw",Energy_kcal,310.0
64,Lamb(shank),Meats,"Lamb, domestic, leg, shank half, separable lean and fat, trimmed to 1/4"" fat, choice, raw",Energy_kcal,201.0
65,Pork(leg),Meats,"Pork, fresh, leg (ham), whole, separable lean and fat, raw",Energy_kcal,245.0
66,Pork(loin),Meats,"Pork, fresh, loin, whole, separable lean and fat, raw",Energy_kcal,198.0
67,Pork(shoulder),Meats,"Pork, fresh, shoulder, whole, separable lean and fat, raw",Energy_kcal,236.0
68,Poultry(hens),Meats,"Poultry, mechanically deboned, from mature hens, raw",Energy_kcal,243.0
69,Maize,Vegetables,"Cereals ready-to-eat, KASHI Simply Maize",Protein_g,7.8
70,Potatoes,Vegetables,"Potatoes, raw, skin",Protein_g,2.57
71,Cassava,Vegetables,"Cassava, raw, root vegetable, like potatoes and yams",Protein_g,1.36
72,Cabbage,Vegetables,"Cabbage, mustard, salted",Protein_g,1.1
73,Peas,Vegetables,"Peas, green, raw",Protein_g,5.42
74,Tomatoes,Vegetables,"Tomatoes, green, raw",Protein_g,1.2
75,Onion,Vegetables,"Onions, raw",Protein_g,1.1
76,Leeks,Vegetables,"Leeks, (bulb and lower leaf-portion), like scallions, raw",Protein_g,1.5
77,Eggplant,Vegetables,"Eggplant, raw",Protein_g,0.98
78,Bamboo Shoot,Vegetables,"Bamboo shoots, raw",Protein_g,2.6
79,Garlic,Vegetables,"Garlic, raw",Protein_g,6.36
80,Mushrooms,Vegetables,"Mushrooms, shiitake, raw",Protein_g,2.24
81,Okra,Vegetables,"Okra, raw",Protein_g,1.93
82,Spinach,Vegetables,"Spinach, raw",Protein_g,2.86
83,Sweetcorn,Vegetables,"Corn, sweet, white, raw",Protein_g,3.22
84,Cucumber,Vegetables,"Cucumber, with peel, raw",Protein_g,0.65
85,Lettuce,Vegetables,"Lettuce, green leaf, raw",Protein_g,1.36
86,Orange,Fruits,"Oranges, raw, all commercial varieties",Protein_g,0.94
87,Bananas,Fruits,"Bananas, raw",Protein_g,1.09
88,Apples,Fruits,"Apples, raw, with skin",Protein_g,0.26
89,Blackberries,Fruits,"Blackberries, raw",Protein_g,1.39
90,Blueberries,Fruits,"Blueberries, raw",Protein_g,0.74
91,Strawberries,Fruits,"Strawberries, raw",Protein_g,0.67
92,Grapes,Fruits,"Grapes, american type (slip skin), raw",Protein_g,0.63
93,Pomegranate,Fruits,"Pomegranates, raw",Protein_g,1.67
94,Watermelon,Fruits,"Watermelon, raw",Protein_g,0.61
95,Soymilk,Dariy and Eggs,"Soymilk, original and vanilla, unfortified",Protein_g,3.27
96,Milk,Dariy and Eggs,"Milk, filled, fluid, with lauric acid oil",Protein_g,3.33
97,Cheese,Dariy and Eggs,"Cheese, brick",Protein_g,23.24
98,Milk(sheep),Dariy and Eggs,"Milk, sheep, fluid",Protein_g,5.98
99,Milk(nut),Dariy and Eggs,"Nuts, coconut milk, raw (liquid expressed from grated meat and water)",Protein_g,2.29
100,Cream,Dariy and Eggs,"Cheese, cream",Protein_g,5.93
101,Yogurt,Dariy and Eggs,"Yogurt, plain, whole milk, 8 grams protein per 8 ounce",Protein_g,3.47
102,Beer,Beverages,"Alcoholic beverage, beer, regular, all",Protein_g,0.46
103,Wine,Beverages,"Alcoholic beverage, wine, table, all",Protein_g,0.07
104,Coffee(instant),Beverages,"Coffee, instant, regular, powder",Protein_g,12.2
105,Coca cola,Beverages,"Beverages, COCA-COLA, POWERADE, lemon-lime flavored, ready-to-drink",Protein_g,0.0
106,Lemon Juice,Beverages,"Lemon juice, raw",Protein_g,0.35
107,Fish(farmed),Fish & Shellfish,"Fish, catfish, channel, farmed, raw",Protein_g,15.23
108,Shrimp(farmed),Fish & Shellfish,"Crustaceans, crayfish, mixed species, farmed, raw",Protein_g,14.85
109,Trout,Fish & Shellfish,"Fish, trout, rainbow, farmed, raw",Protein_g,19.94
110,Herring,Fish & Shellfish,"Fish, herring, Pacific, raw",Protein_g,16.39
111,Salmon,Fish & Shellfish,"Fish, salmon, Atlantic, wild, raw",Protein_g,19.84
112,Sardine,Fish & Shellfish,"Fish, sardine, Pacific, canned in tomato sauce, drained solids with bone",Protein_g,20.86
113,Tuna,Fish & Shellfish,"Fish, tuna, fresh, bluefin, raw",Protein_g,23.33
114,Mackerel,Fish & Shellfish,"Fish, mackerel, Atlantic, raw",Protein_g,18.6
115,Bread(rye),Bread and Grains,"Bread, rye",Protein_g,8.5
116,Porridge,Bread and Grains,"Breakfast cereal, milk added",Protein_g,13.07
117,Rice,Bread and Grains,"Rice, white, long-grain, regular, raw, enriched",Protein_g,7.13
118,Groundnuts,Bread and Grains,"Spices, nutmeg, ground",Protein_g,5.84
119,Nuts(cashew),"Pulses, Nuts and Legumes","Nuts, cashew nuts, raw",Protein_g,18.22
120,Tofu,"Pulses, Nuts and Legumes","Tofu, silken, soft",Protein_g,4.8
121,Chocolate,Chocolate,Chocolate syrup,Protein_g,2.1
122,Egg,Dariy and Eggs,"Egg, whole, raw, fresh",Protein_g,12.56
123,Beans,"Pulses, Nuts and Legumes","Beans, yellow, mature seeds, raw",Protein_g,22.0
124,Palm oil,Oil,"Oil, palm",Protein_g,0.0
125,Canola oil,Oil,"Oil, grapeseed",Protein_g,0.0
126,Sunflower oil,Oil,"Oil, sunflower, linoleic, (approx. 65%)",Protein_g,0.0
127,Olive oil,Oil,"Oil, olive, salad or cooking",Protein_g,0.0
128,Beef(steak),Meats,"Beef, flank, steak, separable lean only, trimmed to 0"" fat, select, cooked, broiled",Protein_g,27.96
129,Beef(brisket),Meats,"Beef, brisket, flat half, separable lean and fat, trimmed to 1/8"" fat, choice, raw",Protein_g,18.12
130,Beef(flank),Meats,"Beef, flank, steak, separable lean only, trimmed to 0"" fat, all grades, raw",Protein_g,21.57
131,Lamb(rib),Meats,"Lamb, domestic, rib, separable lean only, trimmed to 1/4"" fat, choice, raw",Protein_g,19.98
132,Lamb(loin),Meats,"Lamb, domestic, loin, separable lean and fat, trimmed to 1/4"" fat, choice, raw",Protein_g,16.32
133,Lamb(shank),Meats,"Lamb, domestic, leg, shank half, separable lean and fat, trimmed to 1/4"" fat, choice, raw",Protein_g,18.58
134,Pork(leg),Meats,"Pork, fresh, leg (ham), whole, separable lean and fat, raw",Protein_g,17.43
135,Pork(loin),Meats,"Pork, fresh, loin, whole, separable lean and fat, raw",Protein_g,19.74
136,Pork(shoulder),Meats,"Pork, fresh, shoulder, whole, separable lean and fat, raw",Protein_g,17.18
137,Poultry(hens),Meats,"Poultry, mechanically deboned, from mature hens, raw",Protein_g,14.72
138,Maize,Vegetables,"Cereals ready-to-eat, KASHI Simply Maize",Fat_g,3.4
139,Potatoes,Vegetables,"Potatoes, raw, skin",Fat_g,0.1
140,Cassava,Vegetables,"Cassava, raw, root vegetable, like potatoes and yams",Fat_g,0.28
141,Cabbage,Vegetables,"Cabbage, mustard, salted",Fat_g,0.1
142,Peas,Vegetables,"Peas, green, raw",Fat_g,0.4
143,Tomatoes,Vegetables,"Tomatoes, green, raw",Fat_g,0.2
144,Onion,Vegetables,"Onions, raw",Fat_g,0.1
145,Leeks,Vegetables,"Leeks, (bulb and lower leaf-portion), like scallions, raw",Fat_g,0.3
146,Eggplant,Vegetables,"Eggplant, raw",Fat_g,0.18
147,Bamboo Shoot,Vegetables,"Bamboo shoots, raw",Fat_g,0.3
148,Garlic,Vegetables,"Garlic, raw",Fat_g,0.5
149,Mushrooms,Vegetables,"Mushrooms, shiitake, raw",Fat_g,0.49
150,Okra,Vegetables,"Okra, raw",Fat_g,0.19
151,Spinach,Vegetables,"Spinach, raw",Fat_g,0.39
152,Sweetcorn,Vegetables,"Corn, sweet, white, raw",Fat_g,1.18
153,Cucumber,Vegetables,"Cucumber, with peel, raw",Fat_g,0.11
154,Lettuce,Vegetables,"Lettuce, green leaf, raw",Fat_g,0.15
155,Orange,Fruits,"Oranges, raw, all commercial varieties",Fat_g,0.12
156,Bananas,Fruits,"Bananas, raw",Fat_g,0.33
157,Apples,Fruits,"Apples, raw, with skin",Fat_g,0.17
158,Blackberries,Fruits,"Blackberries, raw",Fat_g,0.49
159,Blueberries,Fruits,"Blueberries, raw",Fat_g,0.33
160,Strawberries,Fruits,"Strawberries, raw",Fat_g,0.3
161,Grapes,Fruits,"Grapes, american type (slip skin), raw",Fat_g,0.35
162,Pomegranate,Fruits,"Pomegranates, raw",Fat_g,1.17
163,Watermelon,Fruits,"Watermelon, raw",Fat_g,0.15
164,Soymilk,Dariy and Eggs,"Soymilk, original and vanilla, unfortified",Fat_g,1.75
165,Milk,Dariy and Eggs,"Milk, filled, fluid, with lauric acid oil",Fat_g,3.4
166,Cheese,Dariy and Eggs,"Cheese, brick",Fat_g,29.68
167,Milk(sheep),Dariy and Eggs,"Milk, sheep, fluid",Fat_g,7.0
168,Milk(nut),Dariy and Eggs,"Nuts, coconut milk, raw (liquid expressed from grated meat and water)",Fat_g,23.84
169,Cream,Dariy and Eggs,"Cheese, cream",Fat_g,34.24
170,Yogurt,Dariy and Eggs,"Yogurt, plain, whole milk, 8 grams protein per 8 ounce",Fat_g,3.25
171,Beer,Beverages,"Alcoholic beverage, beer, regular, all",Fat_g,0.0
172,Wine,Beverages,"Alcoholic beverage, wine, table, all",Fat_g,0.0
173,Coffee(instant),Beverages,"Coffee, instant, regular, powder",Fat_g,0.5
174,Coca cola,Beverages,"Beverages, COCA-COLA, POWERADE, lemon-lime flavored, ready-to-drink",Fat_g,0.05
175,Lemon Juice,Beverages,"Lemon juice, raw",Fat_g,0.24
176,Fish(farmed),Fish & Shellfish,"Fish, catfish, channel, farmed, raw",Fat_g,5.94
177,Shrimp(farmed),Fish & Shellfish,"Crustaceans, crayfish, mixed species, farmed, raw",Fat_g,0.97
178,Trout,Fish & Shellfish,"Fish, trout, rainbow, farmed, raw",Fat_g,6.18
179,Herring,Fish & Shellfish,"Fish, herring, Pacific, raw",Fat_g,13.88
180,Salmon,Fish & Shellfish,"Fish, salmon, Atlantic, wild, raw",Fat_g,6.34
181,Sardine,Fish & Shellfish,"Fish, sardine, Pacific, canned in tomato sauce, drained solids with bone",Fat_g,10.45
182,Tuna,Fish & Shellfish,"Fish, tuna, fresh, bluefin, raw",Fat_g,4.9
183,Mackerel,Fish & Shellfish,"Fish, mackerel, Atlantic, raw",Fat_g,13.89
184,Bread(rye),Bread and Grains,"Bread, rye",Fat_g,3.3
185,Porridge,Bread and Grains,"Breakfast cereal, milk added",Fat_g,6.6
186,Rice,Bread and Grains,"Rice, white, long-grain, regular, raw, enriched",Fat_g,0.66
187,Groundnuts,Bread and Grains,"Spices, nutmeg, ground",Fat_g,36.31
188,Nuts(cashew),"Pulses, Nuts and Legumes","Nuts, cashew nuts, raw",Fat_g,43.85
189,Tofu,"Pulses, Nuts and Legumes","Tofu, silken, soft",Fat_g,2.7
190,Chocolate,Chocolate,Chocolate syrup,Fat_g,1.13
191,Egg,Dariy and Eggs,"Egg, whole, raw, fresh",Fat_g,9.51
192,Beans,"Pulses, Nuts and Legumes","Beans, yellow, mature seeds, raw",Fat_g,2.6
193,Palm oil,Oil,"Oil, palm",Fat_g,100.0
194,Canola oil,Oil,"Oil, grapeseed",Fat_g,100.0
195,Sunflower oil,Oil,"Oil, sunflower, linoleic, (approx. 65%)",Fat_g,100.0
196,Olive oil,Oil,"Oil, olive, salad or cooking",Fat_g,100.0
197,Beef(steak),Meats,"Beef, flank, steak, separable lean only, trimmed to 0"" fat, select, cooked, broiled",Fat_g,6.48
198,Beef(brisket),Meats,"Beef, brisket, flat half, separable lean and fat, trimmed to 1/8"" fat, choice, raw",Fat_g,22.15
199,Beef(flank),Meats,"Beef, flank, steak, separable lean only, trimmed to 0"" fat, all grades, raw",Fat_g,5.47
200,Lamb(rib),Meats,"Lamb, domestic, rib, separable lean only, trimmed to 1/4"" fat, choice, raw",Fat_g,9.23
201,Lamb(loin),Meats,"Lamb, domestic, loin, separable lean and fat, trimmed to 1/4"" fat, choice, raw",Fat_g,26.63
202,Lamb(shank),Meats,"Lamb, domestic, leg, shank half, separable lean and fat, trimmed to 1/4"" fat, choice, raw",Fat_g,13.49
203,Pork(leg),Meats,"Pork, fresh, leg (ham), whole, separable lean and fat, raw",Fat_g,18.87
204,Pork(loin),Meats,"Pork, fresh, loin, whole, separable lean and fat, raw",Fat_g,12.58
205,Pork(shoulder),Meats,"Pork, fresh, shoulder, whole, separable lean and fat, raw",Fat_g,17.99
206,Poultry(hens),Meats,"Poultry, mechanically deboned, from mature hens, raw",Fat_g,19.98
207,Maize,Vegetables,"Cereals ready-to-eat, KASHI Simply Maize",Carb_g,83.3
208,Potatoes,Vegetables,"Potatoes, raw, skin",Carb_g,12.44
209,Cassava,Vegetables,"Cassava, raw, root vegetable, like potatoes and yams",Carb_g,38.06
210,Cabbage,Vegetables,"Cabbage, mustard, salted",Carb_g,5.63
211,Peas,Vegetables,"Peas, green, raw",Carb_g,14.45
212,Tomatoes,Vegetables,"Tomatoes, green, raw",Carb_g,5.1
213,Onion,Vegetables,"Onions, raw",Carb_g,9.34
214,Leeks,Vegetables,"Leeks, (bulb and lower leaf-portion), like scallions, raw",Carb_g,14.15
215,Eggplant,Vegetables,"Eggplant, raw",Carb_g,5.88
216,Bamboo Shoot,Vegetables,"Bamboo shoots, raw",Carb_g,5.2
217,Garlic,Vegetables,"Garlic, raw",Carb_g,33.06
218,Mushrooms,Vegetables,"Mushrooms, shiitake, raw",Carb_g,6.79
219,Okra,Vegetables,"Okra, raw",Carb_g,7.45
220,Spinach,Vegetables,"Spinach, raw",Carb_g,3.63
221,Sweetcorn,Vegetables,"Corn, sweet, white, raw",Carb_g,19.02
222,Cucumber,Vegetables,"Cucumber, with peel, raw",Carb_g,3.63
223,Lettuce,Vegetables,"Lettuce, green leaf, raw",Carb_g,2.87
224,Orange,Fruits,"Oranges, raw, all commercial varieties",Carb_g,11.75
225,Bananas,Fruits,"Bananas, raw",Carb_g,22.84
226,Apples,Fruits,"Apples, raw, with skin",Carb_g,13.81
227,Blackberries,Fruits,"Blackberries, raw",Carb_g,9.61
228,Blueberries,Fruits,"Blueberries, raw",Carb_g,14.49
229,Strawberries,Fruits,"Strawberries, raw",Carb_g,7.68
230,Grapes,Fruits,"Grapes, american type (slip skin), raw",Carb_g,17.15
231,Pomegranate,Fruits,"Pomegranates, raw",Carb_g,18.7
232,Watermelon,Fruits,"Watermelon, raw",Carb_g,7.55
233,Soymilk,Dariy and Eggs,"Soymilk, original and vanilla, unfortified",Carb_g,6.28
234,Milk,Dariy and Eggs,"Milk, filled, fluid, with lauric acid oil",Carb_g,4.74
235,Cheese,Dariy and Eggs,"Cheese, brick",Carb_g,2.79
236,Milk(sheep),Dariy and Eggs,"Milk, sheep, fluid",Carb_g,5.36
237,Milk(nut),Dariy and Eggs,"Nuts, coconut milk, raw (liquid expressed from grated meat and water)",Carb_g,5.54
238,Cream,Dariy and Eggs,"Cheese, cream",Carb_g,4.07
239,Yogurt,Dariy and Eggs,"Yogurt, plain, whole milk, 8 grams protein per 8 ounce",Carb_g,4.66
240,Beer,Beverages,"Alcoholic beverage, beer, regular, all",Carb_g,3.55
241,Wine,Beverages,"Alcoholic beverage, wine, table, all",Carb_g,2.72
242,Coffee(instant),Beverages,"Coffee, instant, regular, powder",Carb_g,75.4
243,Coca cola,Beverages,"Beverages, COCA-COLA, POWERADE, lemon-lime flavored, ready-to-drink",Carb_g,7.84
244,Lemon Juice,Beverages,"Lemon juice, raw",Carb_g,6.9
245,Fish(farmed),Fish & Shellfish,"Fish, catfish, channel, farmed, raw",Carb_g,0.0
246,Shrimp(farmed),Fish & Shellfish,"Crustaceans, crayfish, mixed species, farmed, raw",Carb_g,0.0
247,Trout,Fish & Shellfish,"Fish, trout, rainbow, farmed, raw",Carb_g,0.0
248,Herring,Fish & Shellfish,"Fish, herring, Pacific, raw",Carb_g,0.0
249,Salmon,Fish & Shellfish,"Fish, salmon, Atlantic, wild, raw",Carb_g,0.0
250,Sardine,Fish & Shellfish,"Fish, sardine, Pacific, canned in tomato sauce, drained solids with bone",Carb_g,0.54
251,Tuna,Fish & Shellfish,"Fish, tuna, fresh, bluefin, raw",Carb_g,0.0
252,Mackerel,Fish & Shellfish,"Fish, mackerel, Atlantic, raw",Carb_g,0.0
253,Bread(rye),Bread and Grains,"Bread, rye",Carb_g,48.3
254,Porridge,Bread and Grains,"Breakfast cereal, milk added",Carb_g,71.05
255,Rice,Bread and Grains,"Rice, white, long-grain, regular, raw, enriched",Carb_g,79.95
256,Groundnuts,Bread and Grains,"Spices, nutmeg, ground",Carb_g,49.29
257,Nuts(cashew),"Pulses, Nuts and Legumes","Nuts, cashew nuts, raw",Carb_g,30.19
258,Tofu,"Pulses, Nuts and Legumes","Tofu, silken, soft",Carb_g,2.9
259,Chocolate,Chocolate,Chocolate syrup,Carb_g,65.1
260,Egg,Dariy and Eggs,"Egg, whole, raw, fresh",Carb_g,0.72
261,Beans,"Pulses, Nuts and Legumes","Beans, yellow, mature seeds, raw",Carb_g,60.7
262,Palm oil,Oil,"Oil, palm",Carb_g,0.0
263,Canola oil,Oil,"Oil, grapeseed",Carb_g,0.0
264,Sunflower oil,Oil,"Oil, sunflower, linoleic, (approx. 65%)",Carb_g,0.0
265,Olive oil,Oil,"Oil, olive, salad or cooking",Carb_g,0.0
266,Beef(steak),Meats,"Beef, flank, steak, separable lean only, trimmed to 0"" fat, select, cooked, broiled",Carb_g,0.0
267,Beef(brisket),Meats,"Beef, brisket, flat half, separable lean and fat, trimmed to 1/8"" fat, choice, raw",Carb_g,0.12
268,Beef(flank),Meats,"Beef, flank, steak, separable lean only, trimmed to 0"" fat, all grades, raw",Carb_g,0.0
269,Lamb(rib),Meats,"Lamb, domestic, rib, separable lean only, trimmed to 1/4"" fat, choice, raw",Carb_g,0.0
270,Lamb(loin),Meats,"Lamb, domestic, loin, separable lean and fat, trimmed to 1/4"" fat, choice, raw",Carb_g,0.0
271,Lamb(shank),Meats,"Lamb, domestic, leg, shank half, separable lean and fat, trimmed to 1/4"" fat, choice, raw",Carb_g,0.0
272,Pork(leg),Meats,"Pork, fresh, leg (ham), whole, separable lean and fat, raw",Carb_g,0.0
273,Pork(loin),Meats,"Pork, fresh, loin, whole, separable lean and fat, raw",Carb_g,0.0
274,Pork(shoulder),Meats,"Pork, fresh, shoulder, whole, separable lean and fat, raw",Carb_g,0.0
275,Poultry(hens),Meats,"Poultry, mechanically deboned, from mature hens, raw",Carb_g,0.0
276,Maize,Vegetables,"Cereals ready-to-eat, KASHI Simply Maize",Sugar_g,22.1
277,Potatoes,Vegetables,"Potatoes, raw, skin",Sugar_g,0.0
278,Cassava,Vegetables,"Cassava, raw, root vegetable, like potatoes and yams",Sugar_g,1.7
279,Cabbage,Vegetables,"Cabbage, mustard, salted",Sugar_g,1.4
280,Peas,Vegetables,"Peas, green, raw",Sugar_g,5.67
281,Tomatoes,Vegetables,"Tomatoes, green, raw",Sugar_g,4.0
282,Onion,Vegetables,"Onions, raw",Sugar_g,4.24
283,Leeks,Vegetables,"Leeks, (bulb and lower leaf-portion), like scallions, raw",Sugar_g,3.9
284,Eggplant,Vegetables,"Eggplant, raw",Sugar_g,3.53
285,Bamboo Shoot,Vegetables,"Bamboo shoots, raw",Sugar_g,3.0
286,Garlic,Vegetables,"Garlic, raw",Sugar_g,1.0
287,Mushrooms,Vegetables,"Mushrooms, shiitake, raw",Sugar_g,2.38
288,Okra,Vegetables,"Okra, raw",Sugar_g,1.48
289,Spinach,Vegetables,"Spinach, raw",Sugar_g,0.42
290,Sweetcorn,Vegetables,"Corn, sweet, white, raw",Sugar_g,3.22
291,Cucumber,Vegetables,"Cucumber, with peel, raw",Sugar_g,1.67
292,Lettuce,Vegetables,"Lettuce, green leaf, raw",Sugar_g,0.78
293,Orange,Fruits,"Oranges, raw, all commercial varieties",Sugar_g,9.35
294,Bananas,Fruits,"Bananas, raw",Sugar_g,12.23
295,Apples,Fruits,"Apples, raw, with skin",Sugar_g,10.39
296,Blackberries,Fruits,"Blackberries, raw",Sugar_g,4.88
297,Blueberries,Fruits,"Blueberries, raw",Sugar_g,9.96
298,Strawberries,Fruits,"Strawberries, raw",Sugar_g,4.89
299,Grapes,Fruits,"Grapes, american type (slip skin), raw",Sugar_g,16.25
300,Pomegranate,Fruits,"Pomegranates, raw",Sugar_g,13.67
301,Watermelon,Fruits,"Watermelon, raw",Sugar_g,6.2
302,Soymilk,Dariy and Eggs,"Soymilk, original and vanilla, unfortified",Sugar_g,3.99
303,Milk,Dariy and Eggs,"Milk, filled, fluid, with lauric acid oil",Sugar_g,4.74
304,Cheese,Dariy and Eggs,"Cheese, brick",Sugar_g,0.51
305,Milk(sheep),Dariy and Eggs,"Milk, sheep, fluid",Sugar_g,0.0
306,Milk(nut),Dariy and Eggs,"Nuts, coconut milk, raw (liquid expressed from grated meat and water)",Sugar_g,3.34
307,Cream,Dariy and Eggs,"Cheese, cream",Sugar_g,3.21
308,Yogurt,Dariy and Eggs,"Yogurt, plain, whole milk, 8 grams protein per 8 ounce",Sugar_g,4.66
309,Beer,Beverages,"Alcoholic beverage, beer, regular, all",Sugar_g,0.0
310,Wine,Beverages,"Alcoholic beverage, wine, table, all",Sugar_g,0.79
311,Coffee(instant),Beverages,"Coffee, instant, regular, powder",Sugar_g,0.0
312,Coca cola,Beverages,"Beverages, COCA-COLA, POWERADE, lemon-lime flavored, ready-to-drink",Sugar_g,6.11
313,Lemon Juice,Beverages,"Lemon juice, raw",Sugar_g,2.52
314,Fish(farmed),Fish & Shellfish,"Fish, catfish, channel, farmed, raw",Sugar_g,0.0
315,Shrimp(farmed),Fish & Shellfish,"Crustaceans, crayfish, mixed species, farmed, raw",Sugar_g,0.0
316,Trout,Fish & Shellfish,"Fish, trout, rainbow, farmed, raw",Sugar_g,0.0
317,Herring,Fish & Shellfish,"Fish, herring, Pacific, raw",Sugar_g,0.0
318,Salmon,Fish & Shellfish,"Fish, salmon, Atlantic, wild, raw",Sugar_g,0.0
319,Sardine,Fish & Shellfish,"Fish, sardine, Pacific, canned in tomato sauce, drained solids with bone",Sugar_g,0.43
320,Tuna,Fish & Shellfish,"Fish, tuna, fresh, bluefin, raw",Sugar_g,0.0
321,Mackerel,Fish & Shellfish,"Fish, mackerel, Atlantic, raw",Sugar_g,0.0
322,Bread(rye),Bread and Grains,"Bread, rye",Sugar_g,3.85
323,Porridge,Bread and Grains,"Breakfast cereal, milk added",Sugar_g,3.84
324,Rice,Bread and Grains,"Rice, white, long-grain, regular, raw, enriched",Sugar_g,0.12
325,Groundnuts,Bread and Grains,"Spices, nutmeg, ground",Sugar_g,2.99
326,Nuts(cashew),"Pulses, Nuts and Legumes","Nuts, cashew nuts, raw",Sugar_g,5.91
327,Tofu,"Pulses, Nuts and Legumes","Tofu, silken, soft",Sugar_g,1.31
328,Chocolate,Chocolate,Chocolate syrup,Sugar_g,49.65
329,Egg,Dariy and Eggs,"Egg, whole, raw, fresh",Sugar_g,0.37
330,Beans,"Pulses, Nuts and Legumes","Beans, yellow, mature seeds, raw",Sugar_g,0.0
331,Palm oil,Oil,"Oil, palm",Sugar_g,0.0
332,Canola oil,Oil,"Oil, grapeseed",Sugar_g,0.0
333,Sunflower oil,Oil,"Oil, sunflower, linoleic, (approx. 65%)",Sugar_g,0.0
334,Olive oil,Oil,"Oil, olive, salad or cooking",Sugar_g,0.0
335,Beef(steak),Meats,"Beef, flank, steak, separable lean only, trimmed to 0"" fat, select, cooked, broiled",Sugar_g,0.0
336,Beef(brisket),Meats,"Beef, brisket, flat half, separable lean and fat, trimmed to 1/8"" fat, choice, raw",Sugar_g,0.0
337,Beef(flank),Meats,"Beef, flank, steak, separable lean only, trimmed to 0"" fat, all grades, raw",Sugar_g,0.0
338,Lamb(rib),Meats,"Lamb, domestic, rib, separable lean only, trimmed to 1/4"" fat, choice, raw",Sugar_g,0.0
339,Lamb(loin),Meats,"Lamb, domestic, loin, separable lean and fat, trimmed to 1/4"" fat, choice, raw",Sugar_g,0.0
340,Lamb(shank),Meats,"Lamb, domestic, leg, shank half, separable lean and fat, trimmed to 1/4"" fat, choice, raw",Sugar_g,0.0
341,Pork(leg),Meats,"Pork, fresh, leg (ham), whole, separable lean and fat, raw",Sugar_g,0.0
342,Pork(loin),Meats,"Pork, fresh, loin, whole, separable lean and fat, raw",Sugar_g,0.0
343,Pork(shoulder),Meats,"Pork, fresh, shoulder, whole, separable lean and fat, raw",Sugar_g,0.0
344,Poultry(hens),Meats,"Poultry, mechanically deboned, from mature hens, raw",Sugar_g,0.0
345,Maize,Vegetables,"Cereals ready-to-eat, KASHI Simply Maize",Fiber_g,6.1
346,Potatoes,Vegetables,"Potatoes, raw, skin",Fiber_g,2.5
347,Cassava,Vegetables,"Cassava, raw, root vegetable, like potatoes and yams",Fiber_g,1.8
348,Cabbage,Vegetables,"Cabbage, mustard, salted",Fiber_g,3.1
349,Peas,Vegetables,"Peas, green, raw",Fiber_g,5.1
350,Tomatoes,Vegetables,"Tomatoes, green, raw",Fiber_g,1.1
351,Onion,Vegetables,"Onions, raw",Fiber_g,1.7
352,Leeks,Vegetables,"Leeks, (bulb and lower leaf-portion), like scallions, raw",Fiber_g,1.8
353,Eggplant,Vegetables,"Eggplant, raw",Fiber_g,3.0
354,Bamboo Shoot,Vegetables,"Bamboo shoots, raw",Fiber_g,2.2
355,Garlic,Vegetables,"Garlic, raw",Fiber_g,2.1
356,Mushrooms,Vegetables,"Mushrooms, shiitake, raw",Fiber_g,2.5
357,Okra,Vegetables,"Okra, raw",Fiber_g,3.2
358,Spinach,Vegetables,"Spinach, raw",Fiber_g,2.2
359,Sweetcorn,Vegetables,"Corn, sweet, white, raw",Fiber_g,2.7
360,Cucumber,Vegetables,"Cucumber, with peel, raw",Fiber_g,0.5
361,Lettuce,Vegetables,"Lettuce, green leaf, raw",Fiber_g,1.3
362,Orange,Fruits,"Oranges, raw, all commercial varieties",Fiber_g,2.4
363,Bananas,Fruits,"Bananas, raw",Fiber_g,2.6
364,Apples,Fruits,"Apples, raw, with skin",Fiber_g,2.4
365,Blackberries,Fruits,"Blackberries, raw",Fiber_g,5.3
366,Blueberries,Fruits,"Blueberries, raw",Fiber_g,2.4
367,Strawberries,Fruits,"Strawberries, raw",Fiber_g,2.0
368,Grapes,Fruits,"Grapes, american type (slip skin), raw",Fiber_g,0.9
369,Pomegranate,Fruits,"Pomegranates, raw",Fiber_g,4.0
370,Watermelon,Fruits,"Watermelon, raw",Fiber_g,0.4
371,Soymilk,Dariy and Eggs,"Soymilk, original and vanilla, unfortified",Fiber_g,0.6
372,Milk,Dariy and Eggs,"Milk, filled, fluid, with lauric acid oil",Fiber_g,0.0
373,Cheese,Dariy and Eggs,"Cheese, brick",Fiber_g,0.0
374,Milk(sheep),Dariy and Eggs,"Milk, sheep, fluid",Fiber_g,0.0
375,Milk(nut),Dariy and Eggs,"Nuts, coconut milk, raw (liquid expressed from grated meat and water)",Fiber_g,2.2
376,Cream,Dariy and Eggs,"Cheese, cream",Fiber_g,0.0
377,Yogurt,Dariy and Eggs,"Yogurt, plain, whole milk, 8 grams protein per 8 ounce",Fiber_g,0.0
378,Beer,Beverages,"Alcoholic beverage, beer, regular, all",Fiber_g,0.0
379,Wine,Beverages,"Alcoholic beverage, wine, table, all",Fiber_g,0.0
380,Coffee(instant),Beverages,"Coffee, instant, regular, powder",Fiber_g,0.0
381,Coca cola,Beverages,"Beverages, COCA-COLA, POWERADE, lemon-lime flavored, ready-to-drink",Fiber_g,0.0
382,Lemon Juice,Beverages,"Lemon juice, raw",Fiber_g,0.3
383,Fish(farmed),Fish & Shellfish,"Fish, catfish, channel, farmed, raw",Fiber_g,0.0
384,Shrimp(farmed),Fish & Shellfish,"Crustaceans, crayfish, mixed species, farmed, raw",Fiber_g,0.0
385,Trout,Fish & Shellfish,"Fish, trout, rainbow, farmed, raw",Fiber_g,0.0
386,Herring,Fish & Shellfish,"Fish, herring, Pacific, raw",Fiber_g,0.0
387,Salmon,Fish & Shellfish,"Fish, salmon, Atlantic, wild, raw",Fiber_g,0.0
388,Sardine,Fish & Shellfish,"Fish, sardine, Pacific, canned in tomato sauce, drained solids with bone",Fiber_g,0.1
389,Tuna,Fish & Shellfish,"Fish, tuna, fresh, bluefin, raw",Fiber_g,0.0
390,Mackerel,Fish & Shellfish,"Fish, mackerel, Atlantic, raw",Fiber_g,0.0
391,Bread(rye),Bread and Grains,"Bread, rye",Fiber_g,5.8
392,Porridge,Bread and Grains,"Breakfast cereal, milk added",Fiber_g,9.0
393,Rice,Bread and Grains,"Rice, white, long-grain, regular, raw, enriched",Fiber_g,1.3
394,Groundnuts,Bread and Grains,"Spices, nutmeg, ground",Fiber_g,20.8
395,Nuts(cashew),"Pulses, Nuts and Legumes","Nuts, cashew nuts, raw",Fiber_g,3.3
396,Tofu,"Pulses, Nuts and Legumes","Tofu, silken, soft",Fiber_g,0.1
397,Chocolate,Chocolate,Chocolate syrup,Fiber_g,2.6
398,Egg,Dariy and Eggs,"Egg, whole, raw, fresh",Fiber_g,0.0
399,Beans,"Pulses, Nuts and Legumes","Beans, yellow, mature seeds, raw",Fiber_g,25.1
400,Palm oil,Oil,"Oil, palm",Fiber_g,0.0
401,Canola oil,Oil,"Oil, grapeseed",Fiber_g,0.0
402,Sunflower oil,Oil,"Oil, sunflower, linoleic, (approx. 65%)",Fiber_g,0.0
403,Olive oil,Oil,"Oil, olive, salad or cooking",Fiber_g,0.0
404,Beef(steak),Meats,"Beef, flank, steak, separable lean only, trimmed to 0"" fat, select, cooked, broiled",Fiber_g,0.0
405,Beef(brisket),Meats,"Beef, brisket, flat half, separable lean and fat, trimmed to 1/8"" fat, choice, raw",Fiber_g,0.0
406,Beef(flank),Meats,"Beef, flank, steak, separable lean only, trimmed to 0"" fat, all grades, raw",Fiber_g,0.0
407,Lamb(rib),Meats,"Lamb, domestic, rib, separable lean only, trimmed to 1/4"" fat, choice, raw",Fiber_g,0.0
408,Lamb(loin),Meats,"Lamb, domestic, loin, separable lean and fat, trimmed to 1/4"" fat, choice, raw",Fiber_g,0.0
409,Lamb(shank),Meats,"Lamb, domestic, leg, shank half, separable lean and fat, trimmed to 1/4"" fat, choice, raw",Fiber_g,0.0
410,Pork(leg),Meats,"Pork, fresh, leg (ham), whole, separable lean and fat, raw",Fiber_g,0.0
411,Pork(loin),Meats,"Pork, fresh, loin, whole, separable lean and fat, raw",Fiber_g,0.0
412,Pork(shoulder),Meats,"Pork, fresh, shoulder, whole, separable lean and fat, raw",Fiber_g,0.0
413,Poultry(hens),Meats,"Poultry, mechanically deboned, from mature hens, raw",Fiber_g,0.0
414,Maize,Vegetables,"Cereals ready-to-eat, KASHI Simply Maize",VitA_mcg,0.0
415,Potatoes,Vegetables,"Potatoes, raw, skin",VitA_mcg,0.0
416,Cassava,Vegetables,"Cassava, raw, root vegetable, like potatoes and yams",VitA_mcg,1.0
417,Cabbage,Vegetables,"Cabbage, mustard, salted",VitA_mcg,49.0
418,Peas,Vegetables,"Peas, green, raw",VitA_mcg,38.0
419,Tomatoes,Vegetables,"Tomatoes, green, raw",VitA_mcg,32.0
420,Onion,Vegetables,"Onions, raw",VitA_mcg,0.0
421,Leeks,Vegetables,"Leeks, (bulb and lower leaf-portion), like scallions, raw",VitA_mcg,83.0
422,Eggplant,Vegetables,"Eggplant, raw",VitA_mcg,1.0
423,Bamboo Shoot,Vegetables,"Bamboo shoots, raw",VitA_mcg,1.0
424,Garlic,Vegetables,"Garlic, raw",VitA_mcg,0.0
425,Mushrooms,Vegetables,"Mushrooms, shiitake, raw",VitA_mcg,0.0
426,Okra,Vegetables,"Okra, raw",VitA_mcg,36.0
427,Spinach,Vegetables,"Spinach, raw",VitA_mcg,469.0
428,Sweetcorn,Vegetables,"Corn, sweet, white, raw",VitA_mcg,0.0
429,Cucumber,Vegetables,"Cucumber, with peel, raw",VitA_mcg,5.0
430,Lettuce,Vegetables,"Lettuce, green leaf, raw",VitA_mcg,370.0
431,Orange,Fruits,"Oranges, raw, all commercial varieties",VitA_mcg,11.0
432,Bananas,Fruits,"Bananas, raw",VitA_mcg,3.0
433,Apples,Fruits,"Apples, raw, with skin",VitA_mcg,3.0
434,Blackberries,Fruits,"Blackberries, raw",VitA_mcg,11.0
435,Blueberries,Fruits,"Blueberries, raw",VitA_mcg,3.0
436,Strawberries,Fruits,"Strawberries, raw",VitA_mcg,1.0
437,Grapes,Fruits,"Grapes, american type (slip skin), raw",VitA_mcg,5.0
438,Pomegranate,Fruits,"Pomegranates, raw",VitA_mcg,0.0
439,Watermelon,Fruits,"Watermelon, raw",VitA_mcg,28.0
440,Soymilk,Dariy and Eggs,"Soymilk, original and vanilla, unfortified",VitA_mcg,0.0
441,Milk,Dariy and Eggs,"Milk, filled, fluid, with lauric acid oil",VitA_mcg,2.0
442,Cheese,Dariy and Eggs,"Cheese, brick",VitA_mcg,292.0
443,Milk(sheep),Dariy and Eggs,"Milk, sheep, fluid",VitA_mcg,44.0
444,Milk(nut),Dariy and Eggs,"Nuts, coconut milk, raw (liquid expressed from grated meat and water)",VitA_mcg,0.0
445,Cream,Dariy and Eggs,"Cheese, cream",VitA_mcg,366.0
446,Yogurt,Dariy and Eggs,"Yogurt, plain, whole milk, 8 grams protein per 8 ounce",VitA_mcg,27.0
447,Beer,Beverages,"Alcoholic beverage, beer, regular, all",VitA_mcg,0.0
448,Wine,Beverages,"Alcoholic beverage, wine, table, all",VitA_mcg,0.0
449,Coffee(instant),Beverages,"Coffee, instant, regular, powder",VitA_mcg,0.0
450,Coca cola,Beverages,"Beverages, COCA-COLA, POWERADE, lemon-lime flavored, ready-to-drink",VitA_mcg,0.0
451,Lemon Juice,Beverages,"Lemon juice, raw",VitA_mcg,0.0
452,Fish(farmed),Fish & Shellfish,"Fish, catfish, channel, farmed, raw",VitA_mcg,0.0
453,Shrimp(farmed),Fish & Shellfish,"Crustaceans, crayfish, mixed species, farmed, raw",VitA_mcg,15.0
454,Trout,Fish & Shellfish,"Fish, trout, rainbow, farmed, raw",VitA_mcg,84.0
455,Herring,Fish & Shellfish,"Fish, herring, Pacific, raw",VitA_mcg,32.0
456,Salmon,Fish & Shellfish,"Fish, salmon, Atlantic, wild, raw",VitA_mcg,12.0
457,Sardine,Fish & Shellfish,"Fish, sardine, Pacific, canned in tomato sauce, drained solids with bone",VitA_mcg,34.0
458,Tuna,Fish & Shellfish,"Fish, tuna, fresh, bluefin, raw",VitA_mcg,655.0
459,Mackerel,Fish & Shellfish,"Fish, mackerel, Atlantic, raw",VitA_mcg,50.0
460,Bread(rye),Bread and Grains,"Bread, rye",VitA_mcg,0.0
461,Porridge,Bread and Grains,"Breakfast cereal, milk added",VitA_mcg,0.0
462,Rice,Bread and Grains,"Rice, white, long-grain, regular, raw, enriched",VitA_mcg,0.0
463,Groundnuts,Bread and Grains,"Spices, nutmeg, ground",VitA_mcg,5.0
464,Nuts(cashew),"Pulses, Nuts and Legumes","Nuts, cashew nuts, raw",VitA_mcg,0.0
465,Tofu,"Pulses, Nuts and Legumes","Tofu, silken, soft",VitA_mcg,0.0
466,Chocolate,Chocolate,Chocolate syrup,VitA_mcg,0.0
467,Egg,Dariy and Eggs,"Egg, whole, raw, fresh",VitA_mcg,160.0
468,Beans,"Pulses, Nuts and Legumes","Beans, yellow, mature seeds, raw",VitA_mcg,0.0
469,Palm oil,Oil,"Oil, palm",VitA_mcg,0.0
470,Canola oil,Oil,"Oil, grapeseed",VitA_mcg,0.0
471,Sunflower oil,Oil,"Oil, sunflower, linoleic, (approx. 65%)",VitA_mcg,0.0
472,Olive oil,Oil,"Oil, olive, salad or cooking",VitA_mcg,0.0
473,Beef(steak),Meats,"Beef, flank, steak, separable lean only, trimmed to 0"" fat, select, cooked, broiled",VitA_mcg,0.0
474,Beef(brisket),Meats,"Beef, brisket, flat half, separable lean and fat, trimmed to 1/8"" fat, choice, raw",VitA_mcg,0.0
475,Beef(flank),Meats,"Beef, flank, steak, separable lean only, trimmed to 0"" fat, all grades, raw",VitA_mcg,0.0
476,Lamb(rib),Meats,"Lamb, domestic, rib, separable lean only, trimmed to 1/4"" fat, choice, raw",VitA_mcg,0.0
477,Lamb(loin),Meats,"Lamb, domestic, loin, separable lean and fat, trimmed to 1/4"" fat, choice, raw",VitA_mcg,0.0
478,Lamb(shank),Meats,"Lamb, domestic, leg, shank half, separable lean and fat, trimmed to 1/4"" fat, choice, raw",VitA_mcg,0.0
479,Pork(leg),Meats,"Pork, fresh, leg (ham), whole, separable lean and fat, raw",VitA_mcg,0.0
480,Pork(loin),Meats,"Pork, fresh, loin, whole, separable lean and fat, raw",VitA_mcg,2.0
481,Pork(shoulder),Meats,"Pork, fresh, shoulder, whole, separable lean and fat, raw",VitA_mcg,2.0
482,Poultry(hens),Meats,"Poultry, mechanically deboned, from mature hens, raw",VitA_mcg,45.0
483,Maize,Vegetables,"Cereals ready-to-eat, KASHI Simply Maize",VitC_mg,0.0
484,Potatoes,Vegetables,"Potatoes, raw, skin",VitC_mg,11.4
485,Cassava,Vegetables,"Cassava, raw, root vegetable, like potatoes and yams",VitC_mg,20.6
486,Cabbage,Vegetables,"Cabbage, mustard, salted",VitC_mg,0.0
487,Peas,Vegetables,"Peas, green, raw",VitC_mg,40.0
488,Tomatoes,Vegetables,"Tomatoes, green, raw",VitC_mg,23.4
489,Onion,Vegetables,"Onions, raw",VitC_mg,7.4
490,Leeks,Vegetables,"Leeks, (bulb and lower leaf-portion), like scallions, raw",VitC_mg,12.0
491,Eggplant,Vegetables,"Eggplant, raw",VitC_mg,2.2
492,Bamboo Shoot,Vegetables,"Bamboo shoots, raw",VitC_mg,4.0
493,Garlic,Vegetables,"Garlic, raw",VitC_mg,31.2
494,Mushrooms,Vegetables,"Mushrooms, shiitake, raw",VitC_mg,0.0
495,Okra,Vegetables,"Okra, raw",VitC_mg,23.0
496,Spinach,Vegetables,"Spinach, raw",VitC_mg,28.1
497,Sweetcorn,Vegetables,"Corn, sweet, white, raw",VitC_mg,6.8
498,Cucumber,Vegetables,"Cucumber, with peel, raw",VitC_mg,2.8
499,Lettuce,Vegetables,"Lettuce, green leaf, raw",VitC_mg,9.2
500,Orange,Fruits,"Oranges, raw, all commercial varieties",VitC_mg,53.2
501,Bananas,Fruits,"Bananas, raw",VitC_mg,8.7
502,Apples,Fruits,"Apples, raw, with skin",VitC_mg,4.6
503,Blackberries,Fruits,"Blackberries, raw",VitC_mg,21.0
504,Blueberries,Fruits,"Blueberries, raw",VitC_mg,9.7
505,Strawberries,Fruits,"Strawberries, raw",VitC_mg,58.8
506,Grapes,Fruits,"Grapes, american type (slip skin), raw",VitC_mg,4.0
507,Pomegranate,Fruits,"Pomegranates, raw",VitC_mg,10.2
508,Watermelon,Fruits,"Watermelon, raw",VitC_mg,8.1
509,Soymilk,Dariy and Eggs,"Soymilk, original and vanilla, unfortified",VitC_mg,0.0
510,Milk,Dariy and Eggs,"Milk, filled, fluid, with lauric acid oil",VitC_mg,0.9
511,Cheese,Dariy and Eggs,"Cheese, brick",VitC_mg,0.0
512,Milk(sheep),Dariy and Eggs,"Milk, sheep, fluid",VitC_mg,4.2
513,Milk(nut),Dariy and Eggs,"Nuts, coconut milk, raw (liquid expressed from grated meat and water)",VitC_mg,2.8
514,Cream,Dariy and Eggs,"Cheese, cream",VitC_mg,0.0
515,Yogurt,Dariy and Eggs,"Yogurt, plain, whole milk, 8 grams protein per 8 ounce",VitC_mg,0.5
516,Beer,Beverages,"Alcoholic beverage, beer, regular, all",VitC_mg,0.0
517,Wine,Beverages,"Alcoholic beverage, wine, table, all",VitC_mg,0.0
518,Coffee(instant),Beverages,"Coffee, instant, regular, powder",VitC_mg,0.0
519,Coca cola,Beverages,"Beverages, COCA-COLA, POWERADE, lemon-lime flavored, ready-to-drink",VitC_mg,0.0
520,Lemon Juice,Beverages,"Lemon juice, raw",VitC_mg,38.7
521,Fish(farmed),Fish & Shellfish,"Fish, catfish, channel, farmed, raw",VitC_mg,0.0
522,Shrimp(farmed),Fish & Shellfish,"Crustaceans, crayfish, mixed species, farmed, raw",VitC_mg,0.5
523,Trout,Fish & Shellfish,"Fish, trout, rainbow, farmed, raw",VitC_mg,2.9
524,Herring,Fish & Shellfish,"Fish, herring, Pacific, raw",VitC_mg,0.0
525,Salmon,Fish & Shellfish,"Fish, salmon, Atlantic, wild, raw",VitC_mg,0.0
526,Sardine,Fish & Shellfish,"Fish, sardine, Pacific, canned in tomato sauce, drained solids with bone",VitC_mg,1.0
527,Tuna,Fish & Shellfish,"Fish, tuna, fresh, bluefin, raw",VitC_mg,0.0
528,Mackerel,Fish & Shellfish,"Fish, mackerel, Atlantic, raw",VitC_mg,0.4
529,Bread(rye),Bread and Grains,"Bread, rye",VitC_mg,0.4
530,Porridge,Bread and Grains,"Breakfast cereal, milk added",VitC_mg,0.0
531,Rice,Bread and Grains,"Rice, white, long-grain, regular, raw, enriched",VitC_mg,0.0
532,Groundnuts,Bread and Grains,"Spices, nutmeg, ground",VitC_mg,3.0
533,Nuts(cashew),"Pulses, Nuts and Legumes","Nuts, cashew nuts, raw",VitC_mg,0.5
534,Tofu,"Pulses, Nuts and Legumes","Tofu, silken, soft",VitC_mg,0.0
535,Chocolate,Chocolate,Chocolate syrup,VitC_mg,0.2
536,Egg,Dariy and Eggs,"Egg, whole, raw, fresh",VitC_mg,0.0
537,Beans,"Pulses, Nuts and Legumes","Beans, yellow, mature seeds, raw",VitC_mg,0.0
538,Palm oil,Oil,"Oil, palm",VitC_mg,0.0
539,Canola oil,Oil,"Oil, grapeseed",VitC_mg,0.0
540,Sunflower oil,Oil,"Oil, sunflower, linoleic, (approx. 65%)",VitC_mg,0.0
541,Olive oil,Oil,"Oil, olive, salad or cooking",VitC_mg,0.0
542,Beef(steak),Meats,"Beef, flank, steak, separable lean only, trimmed to 0"" fat, select, cooked, broiled",VitC_mg,0.0
543,Beef(brisket),Meats,"Beef, brisket, flat half, separable lean and fat, trimmed to 1/8"" fat, choice, raw",VitC_mg,0.0
544,Beef(flank),Meats,"Beef, flank, steak, separable lean only, trimmed to 0"" fat, all grades, raw",VitC_mg,0.0
545,Lamb(rib),Meats,"Lamb, domestic, rib, separable lean only, trimmed to 1/4"" fat, choice, raw",VitC_mg,0.0
546,Lamb(loin),Meats,"Lamb, domestic, loin, separable lean and fat, trimmed to 1/4"" fat, choice, raw",VitC_mg,0.0
547,Lamb(shank),Meats,"Lamb, domestic, leg, shank half, separable lean and fat, trimmed to 1/4"" fat, choice, raw",VitC_mg,0.0
548,Pork(leg),Meats,"Pork, fresh, leg (ham), whole, separable lean and fat, raw",VitC_mg,0.7
549,Pork(loin),Meats,"Pork, fresh, loin, whole, separable lean and fat, raw",VitC_mg,0.6
550,Pork(shoulder),Meats,"Pork, fresh, shoulder, whole, separable lean and fat, raw",VitC_mg,0.7
551,Poultry(hens),Meats,"Poultry, mechanically deboned, from mature hens, raw",VitC_mg,2.0
552,Maize,Vegetables,"Cereals ready-to-eat, KASHI Simply Maize",VitE_mg,0.0
553,Potatoes,Vegetables,"Potatoes, raw, skin",VitE_mg,0.0
554,Cassava,Vegetables,"Cassava, raw, root vegetable, like potatoes and yams",VitE_mg,0.19
555,Cabbage,Vegetables,"Cabbage, mustard, salted",VitE_mg,0.02
556,Peas,Vegetables,"Peas, green, raw",VitE_mg,0.13
557,Tomatoes,Vegetables,"Tomatoes, green, raw",VitE_mg,0.38
558,Onion,Vegetables,"Onions, raw",VitE_mg,0.02
559,Leeks,Vegetables,"Leeks, (bulb and lower leaf-portion), like scallions, raw",VitE_mg,0.92
560,Eggplant,Vegetables,"Eggplant, raw",VitE_mg,0.3
561,Bamboo Shoot,Vegetables,"Bamboo shoots, raw",VitE_mg,1.0
562,Garlic,Vegetables,"Garlic, raw",VitE_mg,0.08
563,Mushrooms,Vegetables,"Mushrooms, shiitake, raw",VitE_mg,0.0
564,Okra,Vegetables,"Okra, raw",VitE_mg,0.27
565,Spinach,Vegetables,"Spinach, raw",VitE_mg,2.03
566,Sweetcorn,Vegetables,"Corn, sweet, white, raw",VitE_mg,0.07
567,Cucumber,Vegetables,"Cucumber, with peel, raw",VitE_mg,0.03
568,Lettuce,Vegetables,"Lettuce, green leaf, raw",VitE_mg,0.22
569,Orange,Fruits,"Oranges, raw, all commercial varieties",VitE_mg,0.18
570,Bananas,Fruits,"Bananas, raw",VitE_mg,0.1
571,Apples,Fruits,"Apples, raw, with skin",VitE_mg,0.18
572,Blackberries,Fruits,"Blackberries, raw",VitE_mg,1.17
573,Blueberries,Fruits,"Blueberries, raw",VitE_mg,0.57
574,Strawberries,Fruits,"Strawberries, raw",VitE_mg,0.29
575,Grapes,Fruits,"Grapes, american type (slip skin), raw",VitE_mg,0.19
576,Pomegranate,Fruits,"Pomegranates, raw",VitE_mg,0.6
577,Watermelon,Fruits,"Watermelon, raw",VitE_mg,0.05
578,Soymilk,Dariy and Eggs,"Soymilk, original and vanilla, unfortified",VitE_mg,0.11
579,Milk,Dariy and Eggs,"Milk, filled, fluid, with lauric acid oil",VitE_mg,0.13
580,Cheese,Dariy and Eggs,"Cheese, brick",VitE_mg,0.26
581,Milk(sheep),Dariy and Eggs,"Milk, sheep, fluid",VitE_mg,0.0
582,Milk(nut),Dariy and Eggs,"Nuts, coconut milk, raw (liquid expressed from grated meat and water)",VitE_mg,0.15
583,Cream,Dariy and Eggs,"Cheese, cream",VitE_mg,0.29
584,Yogurt,Dariy and Eggs,"Yogurt, plain, whole milk, 8 grams protein per 8 ounce",VitE_mg,0.06
585,Beer,Beverages,"Alcoholic beverage, beer, regular, all",VitE_mg,0.0
586,Wine,Beverages,"Alcoholic beverage, wine, table, all",VitE_mg,0.0
587,Coffee(instant),Beverages,"Coffee, instant, regular, powder",VitE_mg,0.0
588,Coca cola,Beverages,"Beverages, COCA-COLA, POWERADE, lemon-lime flavored, ready-to-drink",VitE_mg,0.0
589,Lemon Juice,Beverages,"Lemon juice, raw",VitE_mg,0.15
590,Fish(farmed),Fish & Shellfish,"Fish, catfish, channel, farmed, raw",VitE_mg,0.81
591,Shrimp(farmed),Fish & Shellfish,"Crustaceans, crayfish, mixed species, farmed, raw",VitE_mg,0.0
592,Trout,Fish & Shellfish,"Fish, trout, rainbow, farmed, raw",VitE_mg,2.34
593,Herring,Fish & Shellfish,"Fish, herring, Pacific, raw",VitE_mg,0.0
594,Salmon,Fish & Shellfish,"Fish, salmon, Atlantic, wild, raw",VitE_mg,0.0
595,Sardine,Fish & Shellfish,"Fish, sardine, Pacific, canned in tomato sauce, drained solids with bone",VitE_mg,1.38
596,Tuna,Fish & Shellfish,"Fish, tuna, fresh, bluefin, raw",VitE_mg,1.0
597,Mackerel,Fish & Shellfish,"Fish, mackerel, Atlantic, raw",VitE_mg,1.52
598,Bread(rye),Bread and Grains,"Bread, rye",VitE_mg,0.33
599,Porridge,Bread and Grains,"Breakfast cereal, milk added",VitE_mg,4.95
600,Rice,Bread and Grains,"Rice, white, long-grain, regular, raw, enriched",VitE_mg,0.11
601,Groundnuts,Bread and Grains,"Spices, nutmeg, ground",VitE_mg,0.0
602,Nuts(cashew),"Pulses, Nuts and Legumes","Nuts, cashew nuts, raw",VitE_mg,0.9
603,Tofu,"Pulses, Nuts and Legumes","Tofu, silken, soft",VitE_mg,0.0
604,Chocolate,Chocolate,Chocolate syrup,VitE_mg,0.02
605,Egg,Dariy and Eggs,"Egg, whole, raw, fresh",VitE_mg,1.05
606,Beans,"Pulses, Nuts and Legumes","Beans, yellow, mature seeds, raw",VitE_mg,0.0
607,Palm oil,Oil,"Oil, palm",VitE_mg,15.94
608,Canola oil,Oil,"Oil, grapeseed",VitE_mg,28.8
609,Sunflower oil,Oil,"Oil, sunflower, linoleic, (approx. 65%)",VitE_mg,41.08
610,Olive oil,Oil,"Oil, olive, salad or cooking",VitE_mg,14.35
611,Beef(steak),Meats,"Beef, flank, steak, separable lean only, trimmed to 0"" fat, select, cooked, broiled",VitE_mg,0.37
612,Beef(brisket),Meats,"Beef, brisket, flat half, separable lean and fat, trimmed to 1/8"" fat, choice, raw",VitE_mg,0.44
613,Beef(flank),Meats,"Beef, flank, steak, separable lean only, trimmed to 0"" fat, all grades, raw",VitE_mg,0.3
614,Lamb(rib),Meats,"Lamb, domestic, rib, separable lean only, trimmed to 1/4"" fat, choice, raw",VitE_mg,0.19
615,Lamb(loin),Meats,"Lamb, domestic, loin, separable lean and fat, trimmed to 1/4"" fat, choice, raw",VitE_mg,0.18
616,Lamb(shank),Meats,"Lamb, domestic, leg, shank half, separable lean and fat, trimmed to 1/4"" fat, choice, raw",VitE_mg,0.21
617,Pork(leg),Meats,"Pork, fresh, leg (ham), whole, separable lean and fat, raw",VitE_mg,0.0
618,Pork(loin),Meats,"Pork, fresh, loin, whole, separable lean and fat, raw",VitE_mg,0.21
619,Pork(shoulder),Meats,"Pork, fresh, shoulder, whole, separable lean and fat, raw",VitE_mg,0.19
620,Poultry(hens),Meats,"Poultry, mechanically deboned, from mature hens, raw",VitE_mg,0.0
621,Maize,Vegetables,"Cereals ready-to-eat, KASHI Simply Maize",Calcium_mg,0.0
622,Potatoes,Vegetables,"Potatoes, raw, skin",Calcium_mg,30.0
623,Cassava,Vegetables,"Cassava, raw, root vegetable, like potatoes and yams",Calcium_mg,16.0
624,Cabbage,Vegetables,"Cabbage, mustard, salted",Calcium_mg,67.0
625,Peas,Vegetables,"Peas, green, raw",Calcium_mg,25.0
626,Tomatoes,Vegetables,"Tomatoes, green, raw",Calcium_mg,13.0
627,Onion,Vegetables,"Onions, raw",Calcium_mg,23.0
628,Leeks,Vegetables,"Leeks, (bulb and lower leaf-portion), like scallions, raw",Calcium_mg,59.0
629,Eggplant,Vegetables,"Eggplant, raw",Calcium_mg,9.0
630,Bamboo Shoot,Vegetables,"Bamboo shoots, raw",Calcium_mg,13.0
631,Garlic,Vegetables,"Garlic, raw",Calcium_mg,181.0
632,Mushrooms,Vegetables,"Mushrooms, shiitake, raw",Calcium_mg,2.0
633,Okra,Vegetables,"Okra, raw",Calcium_mg,82.0
634,Spinach,Vegetables,"Spinach, raw",Calcium_mg,99.0
635,Sweetcorn,Vegetables,"Corn, sweet, white, raw",Calcium_mg,2.0
636,Cucumber,Vegetables,"Cucumber, with peel, raw",Calcium_mg,16.0
637,Lettuce,Vegetables,"Lettuce, green leaf, raw",Calcium_mg,36.0
638,Orange,Fruits,"Oranges, raw, all commercial varieties",Calcium_mg,40.0
639,Bananas,Fruits,"Bananas, raw",Calcium_mg,5.0
640,Apples,Fruits,"Apples, raw, with skin",Calcium_mg,6.0
641,Blackberries,Fruits,"Blackberries, raw",Calcium_mg,29.0
642,Blueberries,Fruits,"Blueberries, raw",Calcium_mg,6.0
643,Strawberries,Fruits,"Strawberries, raw",Calcium_mg,16.0
644,Grapes,Fruits,"Grapes, american type (slip skin), raw",Calcium_mg,14.0
645,Pomegranate,Fruits,"Pomegranates, raw",Calcium_mg,10.0
646,Watermelon,Fruits,"Watermelon, raw",Calcium_mg,7.0
647,Soymilk,Dariy and Eggs,"Soymilk, original and vanilla, unfortified",Calcium_mg,25.0
648,Milk,Dariy and Eggs,"Milk, filled, fluid, with lauric acid oil",Calcium_mg,128.0
649,Cheese,Dariy and Eggs,"Cheese, brick",Calcium_mg,674.0
650,Milk(sheep),Dariy and Eggs,"Milk, sheep, fluid",Calcium_mg,193.0
651,Milk(nut),Dariy and Eggs,"Nuts, coconut milk, raw (liquid expressed from grated meat and water)",Calcium_mg,16.0
652,Cream,Dariy and Eggs,"Cheese, cream",Calcium_mg,98.0
653,Yogurt,Dariy and Eggs,"Yogurt, plain, whole milk, 8 grams protein per 8 ounce",Calcium_mg,121.0
654,Beer,Beverages,"Alcoholic beverage, beer, regular, all",Calcium_mg,4.0
655,Wine,Beverages,"Alcoholic beverage, wine, table, all",Calcium_mg,8.0
656,Coffee(instant),Beverages,"Coffee, instant, regular, powder",Calcium_mg,141.0
657,Coca cola,Beverages,"Beverages, COCA-COLA, POWERADE, lemon-lime flavored, ready-to-drink",Calcium_mg,1.0
658,Lemon Juice,Beverages,"Lemon juice, raw",Calcium_mg,6.0
659,Fish(farmed),Fish & Shellfish,"Fish, catfish, channel, farmed, raw",Calcium_mg,8.0
660,Shrimp(farmed),Fish & Shellfish,"Crustaceans, crayfish, mixed species, farmed, raw",Calcium_mg,25.0
661,Trout,Fish & Shellfish,"Fish, trout, rainbow, farmed, raw",Calcium_mg,25.0
662,Herring,Fish & Shellfish,"Fish, herring, Pacific, raw",Calcium_mg,83.0
663,Salmon,Fish & Shellfish,"Fish, salmon, Atlantic, wild, raw",Calcium_mg,12.0
664,Sardine,Fish & Shellfish,"Fish, sardine, Pacific, canned in tomato sauce, drained solids with bone",Calcium_mg,240.0
665,Tuna,Fish & Shellfish,"Fish, tuna, fresh, bluefin, raw",Calcium_mg,8.0
666,Mackerel,Fish & Shellfish,"Fish, mackerel, Atlantic, raw",Calcium_mg,12.0
667,Bread(rye),Bread and Grains,"Bread, rye",Calcium_mg,73.0
668,Porridge,Bread and Grains,"Breakfast cereal, milk added",Calcium_mg,707.0
669,Rice,Bread and Grains,"Rice, white, long-grain, regular, raw, enriched",Calcium_mg,28.0
670,Groundnuts,Bread and Grains,"Spices, nutmeg, ground",Calcium_mg,184.0
671,Nuts(cashew),"Pulses, Nuts and Legumes","Nuts, cashew nuts, raw",Calcium_mg,37.0
672,Tofu,"Pulses, Nuts and Legumes","Tofu, silken, soft",Calcium_mg,31.0
673,Chocolate,Chocolate,Chocolate syrup,Calcium_mg,14.0
674,Egg,Dariy and Eggs,"Egg, whole, raw, fresh",Calcium_mg,56.0
675,Beans,"Pulses, Nuts and Legumes","Beans, yellow, mature seeds, raw",Calcium_mg,166.0
676,Palm oil,Oil,"Oil, palm",Calcium_mg,0.0
677,Canola oil,Oil,"Oil, grapeseed",Calcium_mg,0.0
678,Sunflower oil,Oil,"Oil, sunflower, linoleic, (approx. 65%)",Calcium_mg,0.0
679,Olive oil,Oil,"Oil, olive, salad or cooking",Calcium_mg,1.0
680,Beef(steak),Meats,"Beef, flank, steak, separable lean only, trimmed to 0"" fat, select, cooked, broiled",Calcium_mg,20.0
681,Beef(brisket),Meats,"Beef, brisket, flat half, separable lean and fat, trimmed to 1/8"" fat, choice, raw",Calcium_mg,15.0
682,Beef(flank),Meats,"Beef, flank, steak, separable lean only, trimmed to 0"" fat, all grades, raw",Calcium_mg,24.0
683,Lamb(rib),Meats,"Lamb, domestic, rib, separable lean only, trimmed to 1/4"" fat, choice, raw",Calcium_mg,12.0
684,Lamb(loin),Meats,"Lamb, domestic, loin, separable lean and fat, trimmed to 1/4"" fat, choice, raw",Calcium_mg,15.0
685,Lamb(shank),Meats,"Lamb, domestic, leg, shank half, separable lean and fat, trimmed to 1/4"" fat, choice, raw",Calcium_mg,8.0
686,Pork(leg),Meats,"Pork, fresh, leg (ham), whole, separable lean and fat, raw",Calcium_mg,5.0
687,Pork(loin),Meats,"Pork, fresh, loin, whole, separable lean and fat, raw",Calcium_mg,18.0
688,Pork(shoulder),Meats,"Pork, fresh, shoulder, whole, separable lean and fat, raw",Calcium_mg,15.0
689,Poultry(hens),Meats,"Poultry, mechanically deboned, from mature hens, raw",Calcium_mg,187.0
690,Maize,Vegetables,"Cereals ready-to-eat, KASHI Simply Maize",sum_emission,0.11
691,Potatoes,Vegetables,"Potatoes, raw, skin",sum_emission,0.03
692,Cassava,Vegetables,"Cassava, raw, root vegetable, like potatoes and yams",sum_emission,0.09
693,Cabbage,Vegetables,"Cabbage, mustard, salted",sum_emission,0.04
694,Peas,Vegetables,"Peas, green, raw",sum_emission,0.08
695,Tomatoes,Vegetables,"Tomatoes, green, raw",sum_emission,0.14
696,Onion,Vegetables,"Onions, raw",sum_emission,0.03
697,Leeks,Vegetables,"Leeks, (bulb and lower leaf-portion), like scallions, raw",sum_emission,0.03
698,Eggplant,Vegetables,"Eggplant, raw",sum_emission,0.41
699,Bamboo Shoot,Vegetables,"Bamboo shoots, raw",sum_emission,0.41
700,Garlic,Vegetables,"Garlic, raw",sum_emission,0.11
701,Mushrooms,Vegetables,"Mushrooms, shiitake, raw",sum_emission,0.41
702,Okra,Vegetables,"Okra, raw",sum_emission,0.41
703,Spinach,Vegetables,"Spinach, raw",sum_emission,0.14
704,Sweetcorn,Vegetables,"Corn, sweet, white, raw",sum_emission,0.41
705,Cucumber,Vegetables,"Cucumber, with peel, raw",sum_emission,0.06
706,Lettuce,Vegetables,"Lettuce, green leaf, raw",sum_emission,0.07
707,Orange,Fruits,"Oranges, raw, all commercial varieties",sum_emission,0.03
708,Bananas,Fruits,"Bananas, raw",sum_emission,0.08
709,Apples,Fruits,"Apples, raw, with skin",sum_emission,0.03
710,Blackberries,Fruits,"Blackberries, raw",sum_emission,0.11
711,Blueberries,Fruits,"Blueberries, raw",sum_emission,0.11
712,Strawberries,Fruits,"Strawberries, raw",sum_emission,0.11
713,Grapes,Fruits,"Grapes, american type (slip skin), raw",sum_emission,0.11
714,Pomegranate,Fruits,"Pomegranates, raw",sum_emission,0.13
715,Watermelon,Fruits,"Watermelon, raw",sum_emission,0.13
716,Soymilk,Dariy and Eggs,"Soymilk, original and vanilla, unfortified",sum_emission,0.1
717,Milk,Dariy and Eggs,"Milk, filled, fluid, with lauric acid oil",sum_emission,0.28
718,Cheese,Dariy and Eggs,"Cheese, brick",sum_emission,2.12
719,Milk(sheep),Dariy and Eggs,"Milk, sheep, fluid",sum_emission,0.13
720,Milk(nut),Dariy and Eggs,"Nuts, coconut milk, raw (liquid expressed from grated meat and water)",sum_emission,0.51
721,Cream,Dariy and Eggs,"Cheese, cream",sum_emission,0.48
722,Yogurt,Dariy and Eggs,"Yogurt, plain, whole milk, 8 grams protein per 8 ounce",sum_emission,0.48
723,Beer,Beverages,"Alcoholic beverage, beer, regular, all",sum_emission,0.11
724,Wine,Beverages,"Alcoholic beverage, wine, table, all",sum_emission,0.14
725,Coffee(instant),Beverages,"Coffee, instant, regular, powder",sum_emission,1.65
726,Coca cola,Beverages,"Beverages, COCA-COLA, POWERADE, lemon-lime flavored, ready-to-drink",sum_emission,0.05
727,Lemon Juice,Beverages,"Lemon juice, raw",sum_emission,0.05
728,Fish(farmed),Fish & Shellfish,"Fish, catfish, channel, farmed, raw",sum_emission,0.51
729,Shrimp(farmed),Fish & Shellfish,"Crustaceans, crayfish, mixed species, farmed, raw",sum_emission,1.18
730,Trout,Fish & Shellfish,"Fish, trout, rainbow, farmed, raw",sum_emission,0.48
731,Herring,Fish & Shellfish,"Fish, herring, Pacific, raw",sum_emission,0.16
732,Salmon,Fish & Shellfish,"Fish, salmon, Atlantic, wild, raw",sum_emission,0.28
733,Sardine,Fish & Shellfish,"Fish, sardine, Pacific, canned in tomato sauce, drained solids with bone",sum_emission,0.16
734,Tuna,Fish & Shellfish,"Fish, tuna, fresh, bluefin, raw",sum_emission,0.42
735,Mackerel,Fish & Shellfish,"Fish, mackerel, Atlantic, raw",sum_emission,0.12
736,Bread(rye),Bread and Grains,"Bread, rye",sum_emission,0.14
737,Porridge,Bread and Grains,"Breakfast cereal, milk added",sum_emission,0.16
738,Rice,Bread and Grains,"Rice, white, long-grain, regular, raw, enriched",sum_emission,0.4
739,Groundnuts,Bread and Grains,"Spices, nutmeg, ground",sum_emission,0.24
740,Nuts(cashew),"Pulses, Nuts and Legumes","Nuts, cashew nuts, raw",sum_emission,0.02
741,Tofu,"Pulses, Nuts and Legumes","Tofu, silken, soft",sum_emission,0.3
742,Chocolate,Chocolate,Chocolate syrup,sum_emission,1.87
743,Egg,Dariy and Eggs,"Egg, whole, raw, fresh",sum_emission,0.45
744,Beans,"Pulses, Nuts and Legumes","Beans, yellow, mature seeds, raw",sum_emission,0.16
745,Palm oil,Oil,"Oil, palm",sum_emission,0.76
746,Canola oil,Oil,"Oil, grapeseed",sum_emission,0.37
747,Sunflower oil,Oil,"Oil, sunflower, linoleic, (approx. 65%)",sum_emission,0.35
748,Olive oil,Oil,"Oil, olive, salad or cooking",sum_emission,0.6
749,Beef(steak),Meats,"Beef, flank, steak, separable lean only, trimmed to 0"" fat, select, cooked, broiled",sum_emission,5.96
750,Beef(brisket),Meats,"Beef, brisket, flat half, separable lean and fat, trimmed to 1/8"" fat, choice, raw",sum_emission,5.96
751,Beef(flank),Meats,"Beef, flank, steak, separable lean only, trimmed to 0"" fat, all grades, raw",sum_emission,5.96
752,Lamb(rib),Meats,"Lamb, domestic, rib, separable lean only, trimmed to 1/4"" fat, choice, raw",sum_emission,2.45
753,Lamb(loin),Meats,"Lamb, domestic, loin, separable lean and fat, trimmed to 1/4"" fat, choice, raw",sum_emission,2.45
754,Lamb(shank),Meats,"Lamb, domestic, leg, shank half, separable lean and fat, trimmed to 1/4"" fat, choice, raw",sum_emission,2.45
755,Pork(leg),Meats,"Pork, fresh, leg (ham), whole, separable lean and fat, raw",sum_emission,0.72
756,Pork(loin),Meats,"Pork, fresh, loin, whole, separable lean and fat, raw",sum_emission,0.72
757,Pork(shoulder),Meats,"Pork, fresh, shoulder, whole, separable lean and fat, raw",sum_emission,0.72
758,Poultry(hens),Meats,"Poultry, mechanically deboned, from mature hens, raw",sum_emission,0.61
